protein,organism,ref,abbrv,chains,Ala,Cys,Asp,Glu,Phe,Gly,His,Ile,Lys,Leu,Met,Asn,Pro,Gln,Arg,Ser,Thr,Val,Trp,Tyr
tr|Q6MZV6,HUMAN,AKP+10,NA,1,32,18,21,23,16,37,11,9,15,49,4,14,40,20,18,46,44,40,11,11
tr|Q6MZU6,HUMAN,AKP+10,NA,1,20,14,16,26,19,33,8,6,28,36,8,20,32,17,16,55,33,49,10,18
tr|Q6PK50,HUMAN,JKMF10,NA,1,20,0,28,49,15,21,8,26,41,26,5,10,11,11,12,19,19,16,3,11
tr|Q6MZX9,HUMAN,JKMF10,NA,1,32,18,21,27,15,37,10,7,15,52,5,14,38,21,18,44,43,43,11,12
tr|B7Z7V0,HUMAN,YLZ+12,NA,1,15,5,19,13,19,23,7,3,12,25,6,4,27,10,19,18,14,21,5,11
TrEMBL|Q7Z6I7,HUMAN,WTK+08,NA,1,14,1,4,23,1,10,4,5,17,19,6,19,6,49,20,24,11,8,6,0
tr|Q9UQM3,HUMAN,WTK+08,NA,1,29,9,18,28,15,24,8,16,14,25,8,12,15,10,14,17,22,26,3,15
tr|Q9UQC1,HUMAN,XZC+10;ZYS+10,NA,1,14,0,12,9,7,15,2,12,10,9,3,7,6,5,5,5,11,12,1,6
tr|Q6GMW3,HUMAN,ZYS+10,NA,1,20,6,6,12,4,19,5,6,12,17,2,6,16,10,3,31,23,22,5,9
tr|Q8TE09,HUMAN,ZYS+10,NA,1,5,7,4,5,1,10,5,3,8,16,2,2,7,5,5,6,6,1,0,2
Swiss-Prot|Q99867,HUMAN,MRK+11,NA,1,33,9,24,31,21,33,12,17,13,34,17,21,20,21,24,27,31,28,5,13
tr|B4E0F2,HUMAN,WOD+12,NA,1,27,8,17,19,12,22,11,5,11,42,6,8,33,18,26,42,23,29,5,3
tr|A8K008,HUMAN,WOD+12,NA,1,22,12,20,22,15,35,9,9,36,37,6,19,36,16,11,52,39,46,10,20
tr|Q8TCD0,HUMAN,WOD+12,NA,1,10,5,11,10,9,18,3,5,12,22,4,8,14,15,11,32,18,20,4,8
tr|B4DNA3,HUMAN,WOD+12,NA,1,33,4,20,29,11,30,9,22,41,30,9,19,33,15,11,39,23,38,6,11
tr|Q96QF2,HUMAN,WOD+12,NA,1,0,0,1,0,0,5,0,0,2,2,1,0,1,0,4,6,2,0,0,1
tr|B9VP24,HUMAN,WOD+12,NA,1,17,2,8,15,5,13,2,17,19,14,1,4,7,6,5,16,10,21,0,3
tr|B7ZB56,HUMAN,WOD+12,NA,1,9,1,15,14,7,15,7,8,14,8,8,10,13,17,16,16,15,20,1,16
TrEMBL|C9IZR5,HUMAN,WOD+12,NA,1,21,3,12,27,5,6,8,16,15,32,10,7,0,18,10,11,16,9,1,4
TrEMBL|C9J062,HUMAN,WOD+12,NA,1,11,4,13,30,12,9,5,8,23,20,7,6,12,10,7,19,7,6,2,5
TrEMBL|C9J8D9,HUMAN,WOD+12,NA,1,10,0,3,8,5,7,1,4,26,5,1,3,5,13,1,4,2,6,0,1
TrEMBL|A6NHW2,HUMAN,WOD+12,NA,1,8,3,4,5,5,13,2,3,3,11,2,6,2,5,7,14,5,11,4,4
TrEMBL|C9JJ77,HUMAN,WOD+12,NA,1,7,3,5,5,5,13,1,5,4,9,3,7,4,5,5,13,4,9,3,7
TrEMBL|A6NE94,HUMAN,WOD+12,NA,1,20,7,8,20,9,18,6,4,9,37,3,6,25,10,13,21,32,14,7,6
tr|B4DH52,HUMAN,WDO+15,NA,1,55,9,40,106,47,52,10,57,85,64,17,40,85,34,54,70,53,83,8,24
tr|Q5EP54,HUMAN,WDO+15,NA,1,13,5,10,18,11,20,6,8,7,23,8,10,11,17,21,15,17,26,4,8
TrEMBL|F8W7K7,HUMAN,WDO+15,NA,1,57,16,42,90,35,41,23,50,65,112,15,29,41,31,60,64,49,51,6,27
TrEMBL|F8W7Z5,HUMAN,WDO+15,NA,1,90,18,48,80,22,98,27,50,67,112,16,24,101,54,60,159,66,54,6,11
TrEMBL|E7EUV1,HUMAN,WDO+15,NA,1,118,205,127,131,73,183,76,90,104,158,30,99,286,88,85,222,450,178,29,85
TrEMBL|F5H0B0,HUMAN,WDO+15,NA,1,18,3,13,27,10,15,4,10,22,22,4,8,12,11,9,25,13,15,1,6
tr|B4DHM5,HUMAN,WDO+15,NA,1,25,4,12,17,10,28,1,14,23,20,9,12,8,4,4,11,14,20,4,2
gi|119587704,HUMAN,MCZ+13,NA,1,11,1,11,15,9,21,3,8,17,16,11,7,11,14,11,14,6,16,3,6
gi|109096492,MACMU,MCZ+13,NA,1,34,9,26,34,20,31,11,23,19,30,9,15,19,12,20,22,29,32,3,18
gi|13650074,HUMAN,MCZ+13,NA,1,20,1,9,4,7,7,10,0,11,18,3,4,7,1,3,11,9,13,1,3
gi|119575932,HUMAN,MCZ+13,NA,1,9,0,3,5,7,18,2,10,13,10,3,2,2,3,15,5,8,10,0,4
gi|119625338,HUMAN,MCZ+13,NA,1,20,11,25,29,11,39,7,16,32,33,16,32,21,26,26,32,22,25,13,21
gi|119617057,HUMAN,MCZ+13,NA,1,37,1,23,50,14,40,4,26,32,50,18,25,9,29,32,66,24,24,3,15
gi|119578757,HUMAN,MCZ+13,NA,1,402,38,120,182,43,153,40,98,162,244,60,81,95,181,105,180,155,164,9,29
gi|119625314,HUMAN,MCZ+13,NA,1,26,10,32,20,20,35,11,25,31,30,9,23,12,20,11,29,29,13,11,22
gi|119577213,HUMAN,MCZ+13,NA,1,76,9,63,87,30,42,31,60,58,85,24,45,29,56,51,46,41,37,16,25
gi|297663020,PONAB,MCZ+13,NA,1,17,3,10,11,8,20,0,12,12,19,9,13,14,22,11,11,10,9,4,5
gi|119597759,HUMAN,MCZ+13,NA,1,96,360,172,201,84,307,48,149,111,141,52,188,175,100,131,173,166,107,13,95
gi|119604232,HUMAN,MCZ+13,NA,1,63,1,36,172,13,28,5,24,104,35,12,21,24,47,87,43,39,33,6,5
gi|119617856,HUMAN,MCZ+13,NA,1,12,4,15,14,9,16,4,17,22,37,5,17,17,11,9,14,12,13,2,2
gi|114656687,PANTR,MCZ+13,NA,1,38,7,31,41,28,28,10,26,50,37,7,27,26,10,19,27,22,27,4,20
gi|12054070,HUMAN,MCZ+13,NA,1,24,15,13,16,11,22,8,3,13,37,2,8,37,14,12,39,40,27,6,6
gi|119582950,HUMAN,MCZ+13,NA,1,33,5,27,27,12,20,5,21,33,34,11,13,9,13,20,22,23,19,1,11
gi|149673887,HUMAN,MCZ+13,NA,1,14,5,8,12,8,15,2,7,10,18,0,5,12,14,10,33,17,13,2,10
gi|114601828,PANTR,MCZ+13,NA,1,37,4,21,28,11,30,10,25,21,56,9,24,18,11,24,26,25,27,0,9
gi|114555797,PANTR,MCZ+13,NA,1,28,5,16,27,10,25,8,21,40,31,7,19,32,16,8,36,24,34,6,8
gi|119621875,HUMAN,MCZ+13,NA,1,18,0,11,14,4,28,3,17,9,20,5,9,8,5,20,15,10,24,1,0
gi|119595384,HUMAN,MCZ+13,NA,1,26,1,24,23,14,22,14,12,30,43,13,11,12,12,19,28,17,27,4,9
gi|119609127,HUMAN,MCZ+13,NA,1,13,2,6,7,3,10,3,5,8,13,0,4,7,6,3,8,8,13,3,3
gi|109111058,MACMU,MCZ+13,NA,1,35,1,20,62,1,3,1,10,36,29,10,5,0,17,17,13,8,10,0,6
gi|119602173,HUMAN,MCZ+13,NA,1,21,3,37,67,21,23,7,35,56,39,11,22,13,18,20,27,29,25,4,18
gi|119573148,HUMAN,MCZ+13,NA,1,14,3,10,11,7,19,0,10,12,15,8,13,9,20,10,7,10,8,4,5
gi|119598292,HUMAN,MCZ+13,NA,1,58,10,29,38,20,42,12,41,37,38,17,18,25,16,32,30,31,45,3,10
gi|119602226,HUMAN,MCZ+13,NA,1,23,5,31,26,17,32,13,15,20,42,10,16,20,12,21,23,17,25,4,9
gi|119612404,HUMAN,MCZ+13,NA,1,42,16,45,48,31,127,16,43,43,49,18,19,100,40,34,65,49,56,5,19
gi|119622488,HUMAN,MCZ+13,NA,1,27,8,33,20,20,33,12,29,36,31,12,15,15,16,20,19,29,27,8,12
gi|1082553,HUMAN,MCZ+13,NA,1,7,3,6,9,6,7,2,2,10,11,1,6,5,9,5,16,11,12,3,4
gi|119602344,HUMAN,MCZ+13,NA,1,30,11,21,28,23,24,9,16,23,35,5,16,34,21,19,50,49,42,8,9
tr|D9YZU5,HUMAN,MCZ+13,NA,1,15,2,7,8,8,13,9,0,11,18,2,6,7,3,3,5,7,18,2,3
tr|A5Z217,HUMAN,MCZ+13,NA,1,44,1,23,57,13,21,6,18,22,49,10,20,10,32,43,35,25,26,1,14
tr|A3R0T7,HUMAN,MCZ+13,NA,1,58,0,1,6,1,14,0,2,62,8,1,3,22,1,4,16,11,8,0,1
tr|B4DI63,HUMAN,MCZ+13,NA,1,16,6,20,24,16,11,9,26,33,57,3,21,23,8,13,26,22,10,1,11
tr|Q29932,HUMAN,MCZ+13,NA,1,36,6,20,26,6,27,9,12,9,29,5,6,18,20,30,26,29,23,10,15
tr|B2R4M6,HUMAN,MCZ+13,NA,1,3,1,6,14,5,8,8,6,11,11,5,7,4,5,3,4,7,4,1,1
tr|C6H0M7,HUMAN,MCZ+13,NA,1,70,2,27,39,22,40,5,14,48,31,15,23,89,38,33,86,41,52,6,17
tr|A0A024R884,HUMAN,MCZ+13,NA,1,143,99,134,178,67,195,39,97,82,168,23,94,112,75,119,139,189,154,28,66
tr|V9HW65,HUMAN,MCZ+13,NA,1,23,4,30,22,7,19,4,23,32,34,9,10,7,13,21,26,18,17,1,19
tr|A8K3Q7,HUMAN,MCZ+13,NA,1,58,6,57,55,25,45,13,47,52,66,21,15,15,28,41,40,38,26,2,23
OLDsp|C9JSL2,HUMAN,WDO+15,NA,1,57,18,61,63,54,62,37,42,64,107,25,35,66,57,50,73,68,56,12,30
OLDsp|Q5SNT6,HUMAN,WDO+15,NA,1,105,3,128,145,61,80,18,40,127,100,11,32,90,62,52,141,71,62,8,5
sp|P42167,HUMAN,BPV+11,LAP2B,1,27,1,22,41,13,25,5,17,37,38,5,18,35,13,37,43,34,31,2,10
sp|Q13765,HUMAN,BPV+11,NACA,1,24,0,10,29,3,8,0,10,16,11,5,8,9,18,7,18,18,19,0,2
sp|P05534,HUMAN,BPV+11,1A24,1,37,5,22,24,8,29,11,11,12,27,9,4,17,21,27,26,27,24,10,14
sp|P13760,HUMAN,BPV+11,2B14,1,12,6,8,19,16,24,8,3,8,27,5,8,12,14,18,18,18,26,4,12
sp|P20039,HUMAN,BPV+11;UNS+14,2B1B,1,9,6,9,19,17,24,8,3,6,26,5,8,12,11,21,22,18,27,4,11
sp|P01892,HUMAN,CIR+10,1A02,1,38,5,21,22,9,28,13,9,13,26,8,2,15,21,27,26,29,26,12,15
sp|P10316,HUMAN,CIR+10,1A69,1,38,5,22,21,8,27,11,9,12,26,8,4,15,22,28,26,29,26,12,16
sp|P0CG04,HUMAN,CIR+10,LAC1,1,10,3,2,7,2,5,2,1,9,6,0,4,9,5,1,14,11,9,2,4
tr|Q5HYG7,HUMAN,BSA+15,Q5HYG7,1,50,10,20,33,20,42,6,28,28,38,13,19,17,20,27,15,24,22,5,17
tr|Q53G69,HUMAN,BSA+15,Q53G69,1,31,6,27,42,17,29,6,18,41,47,11,14,14,20,32,34,17,30,6,10
tr|Q53G62,HUMAN,BSA+15,Q53G62,1,14,3,7,16,11,16,7,5,13,20,3,4,7,5,16,16,10,12,0,2
tr|Q53G91,HUMAN,BSA+15,Q53G91,1,45,11,14,17,35,54,5,19,15,60,13,8,28,8,19,30,16,50,4,14
tr|Q5JXB8,HUMAN,CIR+10,Q5JXB8,1,20,2,12,15,12,24,2,6,16,31,1,4,11,7,15,19,6,13,4,5
tr|Q59GX2,HUMAN,BSA+15,Q59GX2,1,38,6,7,25,38,47,8,37,16,59,17,14,24,23,29,39,27,44,6,13
tr|Q569J5,HUMAN,BSA+15,Q569J5,1,7,1,8,7,3,2,0,3,7,14,2,3,5,2,2,1,5,5,1,3
tr|Q53HE2,HUMAN,BSA+15,Q53HE2,1,28,5,12,17,8,25,4,15,20,14,3,8,10,11,9,12,14,25,5,4
tr|Q8IXW6,HUMAN,CIR+10;RKP+14,Q8IXW6,1,48,7,35,29,17,51,13,40,34,34,17,24,31,21,23,42,37,41,7,19
tr|Q5I6Y5,HUMAN,CIR+10,Q5I6Y5,1,45,0,26,65,5,19,7,12,35,61,8,14,6,34,54,42,22,17,1,7
tr|Q71U02,HUMAN,CIR+10,Q71U02,1,11,1,18,17,14,10,4,7,14,10,10,9,6,5,9,8,11,4,0,4
tr|A8K1M2,HUMAN,FGL+15,A8K1M2,1,11,1,17,21,8,11,1,8,8,9,10,6,2,7,5,4,12,7,0,2
tr|C9JC84,HUMAN,FGL+15,C9JC84,1,28,11,35,26,20,34,12,26,35,35,9,24,16,24,12,32,30,17,11,24
tr|B4DHD2,HUMAN,FGL+15,B4DHD2,1,69,6,35,45,22,28,8,27,49,60,13,33,66,51,28,40,34,39,1,29
tr|B2R7D7,HUMAN,FGL+15,B2R7D7,1,13,1,11,10,4,5,4,7,17,26,4,5,10,7,8,10,14,9,2,8
tr|A2NJV5,HUMAN,FGL+15,A2NJV5,1,4,2,5,3,3,11,2,6,4,16,4,0,10,8,4,18,6,7,2,6
tr|B5U8B5,HUMAN,FGL+15,B5U8B5,1,3,2,5,12,6,6,1,2,1,6,2,5,3,5,12,2,3,4,1,6
sp|P30486,HUMAN,STK+15,1B48,1,35,6,20,27,6,27,9,10,10,30,5,6,18,19,29,28,26,26,9,16
tr|B1ANR0,HUMAN,STK+15,B1ANR0,1,69,4,24,41,27,42,11,24,47,45,21,26,38,36,37,41,20,42,2,18
tr|I0CMK4,HUMAN,YKP+12,I0CMK4,1,16,7,12,12,8,16,5,8,7,26,9,10,11,9,11,13,18,11,2,7
sp|P30443,HUMAN,DCP+12,1A01,1,35,5,24,22,8,30,10,13,12,28,9,5,17,21,29,23,28,22,10,14
tr|B7Z954,HUMAN,GYT+11,NA,1,73,3,76,93,34,76,22,44,65,76,17,39,79,52,111,102,51,58,7,30
tr|Q5H9T5,HUMAN,GYT+11,NA,1,22,4,31,44,13,21,5,29,31,27,19,15,25,30,22,26,24,27,6,11
tr|B7Z2Z2,HUMAN,GYT+11,NA,1,47,4,24,44,14,33,10,9,38,41,9,24,28,33,16,26,25,31,6,8
sp|P16190,HUMAN,CCW+15,1A33,1,37,5,23,21,9,28,10,11,10,28,9,5,16,23,30,26,27,23,11,13
sp|P13746,HUMAN,CCW+15,1A11,1,36,5,24,23,7,29,9,13,11,28,8,4,17,23,29,23,28,22,11,15
sp|P30499,HUMAN,DLS+10,1C01,1,36,8,19,30,7,29,9,9,10,30,6,6,18,20,29,27,24,23,12,14
sp|P18464,HUMAN,KPB+10,NA,1,37,5,19,25,7,27,10,11,9,27,5,7,18,20,29,23,31,25,12,15
tr|Q8NAG3,HUMAN,CJH+06,NA,1,17,4,13,37,1,3,2,11,19,20,6,2,0,12,14,4,9,6,0,3
tr|Q86YM9,HUMAN,CJH+06,NA,1,38,5,50,59,4,15,2,8,56,34,5,4,42,15,15,39,26,15,0,3
tr|Q86ST5,HUMAN,CJH+06,NA,1,70,10,18,29,19,48,5,15,14,54,3,13,54,19,67,65,25,32,7,9
TrEMBL|Q9BSE0,HUMAN,CJH+06,NA,1,41,8,30,38,30,40,13,26,36,55,14,16,20,34,17,39,23,35,5,21
sp|P04229,HUMAN,RCS+15;UNS+14,2B11,1,11,7,7,19,14,24,6,4,8,29,5,8,12,14,19,21,18,26,5,9
sp|Q95IE3,HUMAN,RCS+15,2B1C,1,11,6,7,19,15,24,9,4,6,29,5,8,12,11,21,22,18,27,4,8
sp|P01912,HUMAN,RCS+15,2B13,1,8,6,8,18,15,24,9,3,7,27,5,10,12,12,21,22,17,28,4,10
sp|Q30134,HUMAN,RCS+15;UNS+14,2B18,1,9,6,8,18,16,25,7,3,6,27,5,8,12,11,19,23,19,27,4,13
sp|P13761,HUMAN,UNS+14,2B17,1,11,6,7,18,16,26,7,4,8,27,6,8,12,16,17,20,16,28,5,8
sp|Q9TQE0,HUMAN,UNS+14,2B19,1,12,6,7,19,15,25,8,4,8,26,6,9,12,14,19,20,16,28,4,8
sp|Q9GIY3,HUMAN,UNS+14,2B1E,1,10,6,7,19,16,23,9,3,6,27,5,8,12,11,22,22,18,28,4,10
sp|Q29974,HUMAN,UNS+14,2B1G,1,11,6,9,17,16,24,6,3,8,27,6,8,13,14,19,21,18,25,5,10
sp|P63092,HUMAN,UNS+14,GNAS2,1,26,8,29,33,20,18,7,24,25,30,7,24,14,21,29,18,17,26,4,14
sp|P62861,HUMAN,UNS+14,RS30,1,5,0,0,1,2,6,1,0,13,1,1,4,3,3,7,2,3,6,0,1
tr|Q5SNT8,HUMAN,HWA+16,NA,1,30,0,17,21,9,23,7,9,18,18,2,5,24,13,16,35,10,15,3,0
sp|P0C0S9,BOVIN,HWA+16,NA,1,17,0,2,7,1,14,4,6,14,16,1,6,5,5,12,4,5,8,0,3
tr|Q6NWZ5,HUMAN,HWA+16,NA,1,4,0,22,21,3,5,14,5,45,3,1,4,8,2,9,12,3,2,0,2
tr|Q8NCC4,HUMAN,HWA+16,NA,1,26,11,14,11,39,28,5,37,16,28,21,9,14,8,17,29,18,31,8,29
tr|Q7L8P5,HUMAN,RKP+14,NA,1,13,3,8,8,2,8,5,5,9,13,1,6,8,10,6,12,10,10,3,5
tr|Q6N093,HUMAN,RKP+14;KPC+13,NA,1,21,12,17,22,18,23,10,5,27,26,6,19,34,15,13,46,34,45,8,16
tr|Q8NF17,HUMAN,RKP+14,NA,1,25,21,20,28,18,26,10,14,31,40,5,17,57,20,19,50,44,40,13,11
tr|Q6PEJ8,HUMAN,RKP+14,NA,1,16,5,12,14,6,14,8,11,18,18,4,11,9,10,4,13,17,23,4,11
tr|Q92646,HUMAN,RKP+14,NA,1,15,1,2,4,1,9,3,4,12,17,1,4,4,5,11,4,5,9,0,4
tr|C5J0G2,HUMAN,RKP+14,NA,1,6,0,1,5,5,3,2,4,7,4,4,3,5,2,0,2,4,6,0,0
tr|Q6FHP1,HUMAN,RKP+14,NA,1,21,9,13,20,8,20,9,22,18,20,9,8,13,7,14,18,26,19,4,5
tr|A8K8F0,HUMAN,RKP+14,NA,1,27,6,22,23,15,25,6,7,25,30,7,11,13,11,12,14,10,20,4,10
tr|D3DQU2,HUMAN,RKP+14,NA,1,40,9,21,27,26,54,19,14,9,63,6,17,45,32,31,58,32,41,10,18
tr|B4DPP6,HUMAN,RKP+14,NA,1,63,36,38,61,39,14,14,10,60,65,7,17,26,20,27,28,29,43,2,19
tr|Q9BQ02,HUMAN,RKP+14,NA,1,51,1,39,60,18,68,1,13,59,14,5,13,22,11,20,30,28,21,2,6
tr|Q6ZS99,HUMAN,RKP+14;CBW+11,NA,1,50,1,67,95,26,70,1,15,68,27,8,21,21,13,26,32,27,25,2,8
tr|Q14917,HUMAN,RKP+14,NA,1,48,3,30,51,19,23,12,20,42,50,5,23,4,33,28,28,22,19,10,5
tr|Q9BUM6,HUMAN,RKP+14,NA,1,32,12,37,26,22,26,14,20,15,38,6,15,15,17,30,26,25,39,3,7
tr|Q86TW7,HUMAN,RKP+14,NA,1,34,1,6,14,6,14,3,9,18,16,10,9,29,14,15,14,14,22,1,2
tr|Q96T67,HUMAN,RKP+14,NA,1,64,4,26,50,17,38,12,17,37,61,18,16,24,39,52,29,28,29,7,10
tr|B4DIT7,HUMAN,RKP+14,NA,1,31,18,34,54,21,43,12,30,31,60,11,33,26,20,36,34,27,53,11,21
tr|Q53HR2,HUMAN,RKP+14,NA,1,69,7,22,44,31,72,11,29,39,68,21,19,26,28,35,43,32,44,5,10
tr|B0YJ32,HUMAN,RKP+14,NA,1,213,162,166,191,115,274,95,132,153,298,44,168,195,158,198,258,179,212,26,98
Swiss-Prot|A6NL28,HUMAN,WLL+13;TMW+11,NA,1,20,6,16,48,2,2,2,11,22,26,7,5,1,16,12,4,12,6,0,5
Swiss-Prot|A8MW06,HUMAN,CKWJ15,NA,1,2,0,3,8,1,1,0,2,9,2,2,1,4,3,0,3,3,0,0,0
TrEMBL|Q5D0D7,HUMAN,BRA+10,NA,1,60,39,36,63,35,12,17,11,63,64,8,17,25,20,31,31,32,42,2,19
tr|Q5U077,HUMAN,BRA+10,NA,1,21,5,19,21,5,23,7,24,26,36,10,17,11,11,8,26,13,38,6,7
tr|Q6IB71,HUMAN,BRA+10,NA,1,24,4,17,23,9,19,5,15,18,18,8,9,5,4,13,21,7,21,2,13
tr|Q53SB5,HUMAN,BRA+10,NA,1,44,1,23,57,12,21,6,18,22,49,10,20,10,32,43,36,25,26,1,14
tr|Q53G71,HUMAN,BRA+10,NA,1,16,3,55,53,18,27,7,19,42,20,4,16,26,15,8,19,15,18,11,14
tr|Q53HU9,HUMAN,BRA+10,NA,1,30,27,41,44,35,60,18,31,36,59,14,32,44,41,37,37,36,36,10,37
tr|Q53FV4,HUMAN,BRA+10,NA,1,12,6,17,21,14,15,9,19,25,54,4,30,19,10,9,31,11,14,1,17
tr|Q5TZP0,HUMAN,BRA+10,NA,1,27,3,33,25,36,35,16,18,30,32,11,22,30,23,23,21,25,29,8,22
tr|Q5TZZ9,HUMAN,BRA+10;DYL+14,NA,1,33,4,26,26,11,20,5,21,32,34,9,13,8,13,19,19,22,19,1,11
Swiss-Prot|Q9UGV6,HUMAN,PCS+11,NA,1,21,3,18,32,8,11,5,4,43,6,6,4,11,2,7,12,6,4,2,6
tr|Q7Z351,HUMAN,PCS+11;KPC+13,NA,1,21,12,19,20,19,33,13,13,33,40,5,18,34,16,14,60,35,49,9,19
Swiss-Prot|Q05524,HUMAN,CTZ+09;LHE+04,NA,1,44,7,30,28,15,44,7,29,33,39,9,30,20,10,19,25,17,36,3,13
sp|Q64425,MYOCO,CTZ+09,NA,1,24,14,26,17,22,44,9,32,13,32,4,30,21,20,22,41,28,32,7,19
TrEMBL|A8MUK8,HUMAN,KBK+12,NA,1,16,4,13,11,14,20,2,18,8,31,10,19,21,15,30,15,14,16,6,10
TrEMBL|A6NBZ8,HUMAN,KBK+12,NA,1,60,39,36,63,35,12,17,11,62,64,8,17,25,21,31,31,32,42,2,19
TrEMBL|B0V043,HUMAN,KBK+12,NA,1,124,22,61,83,42,93,26,41,57,138,19,28,99,60,88,70,53,94,32,34
tr|Q68CN4,HUMAN,KBK+12,NA,1,24,14,18,24,18,31,11,7,27,34,6,19,34,20,16,55,33,53,10,16
tr|Q562R0,HUMAN,KBK+12,NA,1,9,0,3,8,3,6,5,6,3,11,4,5,6,2,5,4,12,6,1,4
tr|B3KY04,HUMAN,KBK+12,NA,1,21,5,19,22,16,33,2,7,8,32,3,4,25,15,29,36,17,15,2,14
tr|B4E1D3,HUMAN,KBK+12,NA,1,21,12,28,30,12,39,9,15,36,35,18,32,18,26,26,32,23,28,14,20
tr|Q860B5,HUMAN,KBK+12,NA,1,28,4,19,24,8,23,11,11,10,20,7,4,16,18,26,18,23,20,9,13
tr|Q53GK6,HUMAN,KBK+12,NA,1,29,6,23,26,13,28,9,27,19,27,17,9,19,12,18,25,26,23,4,15
tr|A1A508,HUMAN,KBK+12,NA,1,20,10,12,9,7,24,4,16,15,17,3,16,12,11,6,21,11,20,4,9
tr|A4L733,HUMAN,KBK+12,NA,1,64,7,30,44,31,41,15,14,24,66,6,12,37,23,31,21,29,41,6,13
tr|O75612,HUMAN,KBK+12,NA,1,59,4,37,24,25,55,9,28,37,42,13,28,54,18,20,32,47,43,11,26
tr|A8K4W0,HUMAN,KBK+12,NA,1,13,4,17,15,10,20,5,12,38,18,11,10,8,12,14,10,17,23,2,5
tr|B7Z1V4,HUMAN,KBK+12,NA,1,37,12,28,29,31,37,17,31,30,49,16,22,28,23,31,31,17,27,7,12
tr|B4DTU7,HUMAN,KBK+12,NA,1,73,12,49,67,42,84,13,58,71,76,23,37,42,33,38,47,51,70,11,26
tr|Q1LVN0,DANRE,KBK+12,NA,1,77,15,142,157,46,97,50,69,187,128,24,72,78,89,110,152,69,67,25,40
Swiss-Prot|Q5VYJ4,HUMAN,ZNWL13,NA,1,2,1,4,5,2,6,1,9,6,9,5,6,1,11,4,6,2,7,1,4
tr|B4DY90,HUMAN,KPC+13,NA,1,30,7,29,36,24,36,11,16,16,34,17,21,24,21,23,29,33,34,7,16
tr|A2IPI2,HUMAN,KPC+13,NA,1,9,2,3,5,4,12,0,4,3,11,1,0,6,8,8,17,11,3,1,7
tr|Q6MZV7,HUMAN,KPC+13,NA,1,22,13,16,26,16,32,10,10,28,42,6,21,34,19,15,55,33,45,10,20
tr|Q6MZQ6,HUMAN,KPC+13,NA,1,24,12,20,21,16,35,10,9,31,40,5,19,34,17,14,55,33,48,10,22
tr|Q6MZW0,HUMAN,KPC+13,NA,1,38,17,16,24,15,33,12,5,16,50,7,14,48,20,20,53,56,39,12,11
tr|B7Z5V6,HUMAN,KPC+13,NA,1,46,13,30,33,30,46,21,20,9,61,17,23,62,27,41,49,41,39,14,22
tr|A2KBB9,HUMAN,KPC+13,NA,1,17,4,8,9,9,32,0,8,7,19,2,3,12,13,12,36,18,12,4,13
tr|Q7YPT8,HUMAN,KPC+13,NA,1,15,5,12,19,14,19,7,12,11,26,4,13,19,3,12,10,18,24,5,7
tr|Q14485,HUMAN,KPC+13,NA,1,5,0,3,4,3,6,1,0,3,5,2,3,4,2,2,3,3,9,2,1
tr|Q6P5S8,HUMAN,CYD+05,NA,1,15,5,9,13,12,17,3,6,9,24,1,5,14,14,11,30,23,14,3,8
tr|A0A024RA24,HUMAN,CBP+07,NA,1,54,30,54,48,27,50,22,33,51,96,22,44,39,32,43,70,55,56,23,26
tr|Q6WG73,HUMAN,KHO+13,NA,1,13,4,5,10,2,13,3,3,18,17,4,4,4,12,12,12,7,7,0,8
tr|Q6N097,HUMAN,KHO+13,NA,1,21,12,18,22,19,36,10,9,33,42,6,21,31,17,15,57,36,48,10,18
tr|Q96C61,HUMAN,LHE+04;MLC+11,NA,1,58,15,39,54,23,97,30,42,44,47,10,26,64,19,31,74,48,86,2,29
tr|Q9P100,HUMAN,LHE+04,NA,1,14,35,15,17,17,24,10,3,9,16,2,6,15,17,16,24,13,12,3,12
sp|O12792,HASV1,TMW+11,NA,1,63,7,38,34,24,62,12,26,37,57,17,47,41,31,43,71,83,57,15,21
sp|Q9WFZ0,HASV3,TMW+11,NA,1,57,6,39,36,23,56,11,24,36,61,21,55,43,36,41,71,81,60,16,21
sp|Q4TWH7,HASV5,TMW+11,NA,1,55,5,33,35,22,55,15,21,36,63,20,57,36,40,42,71,73,70,15,19
TrEMBL|Q2KHP4,HUMAN,DYL+14,NA,1,44,2,47,64,25,52,6,42,61,50,11,28,27,24,28,27,50,53,2,12
TrEMBL|C9J4C3,HUMAN,DYL+14,NA,1,79,17,105,125,68,89,29,89,174,137,39,77,75,59,72,119,94,103,17,45
TrEMBL|B4E3V7,HUMAN,DYL+14,NA,1,97,20,89,113,56,122,38,97,100,136,52,81,191,62,98,229,145,111,14,84
TrEMBL|C9J8W7,HUMAN,DYL+14,NA,1,9,2,2,7,4,5,4,9,18,10,4,11,6,5,14,7,5,9,1,3
TrEMBL|Q5HY50,HUMAN,DYL+14,NA,1,16,7,10,11,12,17,10,14,24,12,6,6,13,7,24,12,5,14,3,7
TrEMBL|A8MTC3,HUMAN,DYL+14,NA,1,179,49,83,110,49,173,41,18,137,174,21,42,231,118,107,229,108,71,15,38
TrEMBL|C9JQ13,HUMAN,DYL+14,NA,1,6,0,4,6,5,4,2,9,11,6,2,6,5,0,15,3,8,10,1,4
TrEMBL|C9JJX7,HUMAN,DYL+14,NA,1,25,6,14,13,10,12,6,18,21,28,3,6,14,3,15,18,16,21,0,6
TrEMBL|A2ABB9,HUMAN,DYL+14,NA,1,57,6,13,26,13,43,15,5,13,68,8,3,50,19,22,37,20,28,11,9
TrEMBL|C9JQC3,HUMAN,DYL+14,NA,1,17,5,3,14,1,15,2,11,11,13,6,8,10,8,9,17,9,10,3,3
TrEMBL|Q5JVH5,HUMAN,DYL+14,NA,1,13,5,4,3,3,4,3,6,12,3,2,6,12,1,16,5,3,11,0,3
TrEMBL|C9JDN2,HUMAN,DYL+14,NA,1,36,6,40,48,24,32,10,29,54,42,19,29,28,30,31,56,36,42,4,29
TrEMBL|Q4TT38,HUMAN,DYL+14,NA,1,14,2,12,27,9,15,5,14,21,31,4,4,19,15,19,9,7,12,6,11
TrEMBL|C9J8I1,HUMAN,DYL+14,NA,1,103,36,92,141,72,94,39,106,162,166,27,90,82,83,66,131,94,146,18,53
tr|A1A4E9,HUMAN,DYL+14,NA,1,33,6,19,46,12,57,3,19,18,46,13,19,7,22,30,42,29,21,2,14
tr|B2RA03,HUMAN,DYL+14,NA,1,38,0,24,43,8,27,6,23,21,45,10,18,4,25,34,37,30,24,2,11
tr|Q2TTR7,HUMAN,DYL+14,NA,1,72,61,61,77,36,84,31,69,66,111,25,66,75,49,60,84,64,70,13,36
tr|A8KAP3,HUMAN,DYL+14,NA,1,47,17,82,74,42,59,25,63,59,91,22,27,58,29,42,48,67,81,8,31
tr|A8K6V3,HUMAN,DYL+14,NA,1,79,19,67,94,57,87,26,67,51,122,26,56,61,48,64,74,71,102,8,38
tr|B4DZC0,HUMAN,DYL+14,NA,1,46,12,61,97,41,46,16,56,91,98,31,49,46,43,75,46,49,46,16,30
tr|Q4LE64,HUMAN,DYL+14,NA,1,247,19,63,291,29,79,38,41,152,263,29,44,61,248,157,163,104,70,8,15
tr|Q59EC0,HUMAN,DYL+14,NA,1,83,22,53,92,47,96,31,49,88,109,25,49,89,57,72,112,63,63,11,33
tr|B4DR52,HUMAN,DYL+14,NA,1,15,1,5,7,3,11,3,8,20,10,3,5,14,6,11,18,9,12,0,5
tr|A8K525,HUMAN,DYL+14,NA,1,34,2,15,53,22,34,14,15,27,31,23,17,37,40,48,13,21,19,1,5
tr|Q59EJ3,HUMAN,DYL+14,NA,1,60,10,48,49,28,59,8,43,50,55,9,31,31,31,41,45,44,50,2,15
tr|B7ZLD5,HUMAN,DYL+14,NA,1,91,65,101,118,57,128,46,63,62,168,32,62,113,88,118,143,113,117,18,49
tr|Q6IBN1,HUMAN,DYL+14,NA,1,22,5,34,34,12,56,4,35,21,29,12,12,41,21,36,31,24,15,3,17
tr|Q59FF0,HUMAN,DYL+14,NA,1,91,15,46,82,34,59,21,47,58,81,13,34,59,37,70,61,48,72,8,28
tr|B3KVF5,HUMAN,DYL+14,NA,1,34,4,20,49,15,64,4,21,19,45,15,18,3,24,26,39,24,19,2,11
tr|B4DR40,HUMAN,DYL+14,NA,1,64,26,55,72,37,72,27,83,66,93,42,42,45,48,80,62,57,63,6,43
tr|B4DDB6,HUMAN,DYL+14,NA,1,8,4,19,20,19,100,7,7,20,8,7,17,10,11,22,24,12,18,1,22
tr|B4DEA8,HUMAN,DYL+14,NA,1,76,8,25,47,31,79,11,29,39,69,22,19,30,30,43,48,33,46,6,10
tr|Q59GX6,HUMAN,DYL+14,NA,1,37,7,48,41,31,77,14,31,33,47,14,24,25,21,57,79,25,31,7,25
tr|B2R603,HUMAN,DYL+14,NA,1,22,1,29,27,7,24,2,10,29,17,7,16,12,12,18,33,7,22,0,8
tr|A7E2Y5,HUMAN,DYL+14,NA,1,168,40,100,178,100,113,58,126,142,268,62,105,97,89,115,143,115,127,25,72
tr|B4E2A6,HUMAN,DYL+14,NA,1,65,4,31,59,29,57,19,19,22,85,10,6,31,49,62,91,36,39,18,20
tr|Q53GG0,HUMAN,DYL+14,NA,1,47,8,32,90,17,36,19,24,74,49,13,40,45,35,42,95,34,37,9,13
tr|Q53ET4,HUMAN,DYL+14,NA,1,54,8,29,28,21,37,13,21,22,56,11,17,24,21,40,30,24,28,4,16
tr|Q6PUJ7,HUMAN,DYL+14,NA,1,31,1,15,20,13,17,3,21,12,28,1,7,8,15,19,17,14,25,1,4
tr|A7MCZ7,HUMAN,DYL+14,NA,1,62,14,42,44,33,61,25,25,33,86,16,20,34,52,48,75,48,59,17,18
tr|A8K4T9,HUMAN,DYL+14,NA,1,27,2,15,17,5,39,4,10,22,23,2,13,16,11,19,25,16,20,0,5
tr|A4D212,HUMAN,DYL+14,NA,1,215,47,115,163,74,128,61,83,85,351,57,51,154,131,168,200,98,145,30,38
tr|Q53HW2,HUMAN,DYL+14,NA,1,38,3,15,21,15,21,4,20,18,29,9,14,17,10,14,18,19,25,1,6
tr|B2RDE1,HUMAN,DYL+14,NA,1,28,4,16,52,1,4,2,14,22,27,7,4,0,16,23,6,10,9,0,3
tr|B3KMR5,HUMAN,DYL+14,NA,1,129,25,49,105,48,75,38,44,96,155,30,24,61,49,81,98,67,91,11,21
tr|B3KMC9,HUMAN,DYL+14,NA,1,58,16,61,66,47,64,19,41,55,75,27,46,86,39,72,53,27,49,15,34
tr|B2R9I9,HUMAN,DYL+14,NA,1,25,8,22,13,11,33,10,17,19,32,7,15,17,15,21,31,20,23,7,11
tr|Q2TB59,HUMAN,DYL+14,NA,1,127,13,38,43,36,117,16,69,62,119,35,40,53,35,24,63,72,85,4,35
tr|Q53SS8,HUMAN,DYL+14,NA,1,31,9,11,20,4,36,7,34,14,24,12,14,19,20,16,35,25,19,1,5
tr|Q59G75,HUMAN,DYL+14,NA,1,66,24,69,96,58,67,23,67,84,140,27,54,63,48,66,74,79,101,21,52
tr|Q59F66,HUMAN,DYL+14,NA,1,59,12,44,42,24,71,12,32,31,60,15,25,53,38,58,44,47,39,5,26
tr|A4LAA3,HUMAN,DYL+14,NA,1,101,43,183,262,53,120,44,105,294,176,59,125,90,115,128,277,127,123,15,52
tr|Q53G61,HUMAN,DYL+14,NA,1,18,2,17,20,6,19,1,13,21,34,3,14,12,10,19,11,14,15,0,6
tr|Q53YD7,HUMAN,DYL+14,NA,1,42,6,18,39,33,21,7,11,32,34,6,15,26,22,22,25,26,26,12,14
tr|B2RDN4,HUMAN,DYL+14,NA,1,45,12,56,50,24,50,23,15,26,78,12,13,66,30,63,59,29,65,12,18
tr|Q68DI0,HUMAN,DYL+14,NA,1,66,16,57,61,28,44,17,58,61,116,24,57,54,41,30,61,46,80,6,28
tr|Q6LES8,HUMAN,DYL+14,NA,1,16,4,8,25,8,9,3,10,31,22,7,5,11,12,21,20,10,8,6,10
tr|Q9HBB3,HUMAN,DYL+14,NA,1,16,1,9,13,7,20,7,16,52,24,4,7,18,9,22,14,16,23,1,10
tr|B3KWX7,HUMAN,DYL+14,NA,1,45,5,22,31,23,33,8,26,31,37,15,15,22,21,58,54,22,27,2,9
tr|Q63HL4,HUMAN,DYL+14,NA,1,52,8,41,56,28,45,19,28,36,65,19,26,26,26,38,45,33,49,9,31
tr|B2R5U7,HUMAN,DYL+14,NA,1,53,11,83,94,50,42,22,34,99,105,22,50,36,43,40,68,51,65,6,24
tr|A8K3A8,HUMAN,DYL+14,NA,1,65,16,41,59,36,45,26,28,46,82,16,24,44,27,50,32,46,57,10,25
tr|Q59FP7,HUMAN,DYL+14,NA,1,102,41,103,145,58,102,31,62,137,121,30,61,107,62,115,110,74,81,15,49
tr|Q9BTT5,HUMAN,DYL+14,NA,1,22,1,19,16,21,23,12,24,22,30,7,11,20,7,25,20,9,34,6,9
tr|Q53GW3,HUMAN,DYL+14,NA,1,53,6,29,37,23,54,15,38,33,40,14,21,26,12,35,37,26,33,5,21
tr|B2RAU8,HUMAN,DYL+14,NA,1,88,0,39,68,9,32,1,8,110,20,3,18,62,28,22,117,31,37,2,4
tr|Q8NCF7,HUMAN,DYL+14,NA,1,35,8,9,18,22,29,5,9,26,37,11,8,24,11,17,25,16,29,5,17
tr|B3KWV6,HUMAN,DYL+14,NA,1,67,29,54,96,55,58,40,68,71,145,41,46,61,69,80,80,50,76,15,54
tr|Q6IB58,HUMAN,DYL+14,NA,1,58,4,13,45,9,21,7,25,30,32,13,8,10,36,28,23,19,36,0,10
tr|B7Z8F4,HUMAN,DYL+14,NA,1,73,18,79,94,33,62,20,62,87,109,40,38,65,51,90,75,70,78,7,30
tr|Q53XM7,HUMAN,DYL+14,NA,1,13,4,14,21,10,10,3,12,23,21,8,10,14,8,12,19,16,22,1,2
tr|A7BI36,HUMAN,DYL+14,NA,1,205,7,37,192,7,139,17,26,205,104,15,68,56,182,48,79,68,72,5,8
tr|Q53F02,HUMAN,DYL+14,NA,1,44,12,39,58,23,38,25,53,42,67,26,28,28,25,28,39,34,46,6,23
tr|A8K6Q8,HUMAN,DYL+14,NA,1,61,8,43,46,46,52,13,32,50,71,14,42,31,23,33,57,44,55,11,28
tr|Q53HH2,HUMAN,DYL+14,NA,1,18,2,3,14,5,11,1,9,18,23,6,7,11,9,13,21,13,24,0,5
tr|Q8TA92,HUMAN,DYL+14,NA,1,58,7,43,62,40,80,7,38,62,80,13,27,43,26,59,40,43,56,9,19
tr|Q6LAP8,HUMAN,DYL+14,NA,1,29,6,11,12,13,33,7,16,20,31,7,10,20,11,23,12,18,26,3,10
tr|A8K146,HUMAN,DYL+14,NA,1,73,15,50,94,25,65,23,26,93,78,11,23,53,31,73,76,43,51,13,24
tr|Q9BTQ7,HUMAN,DYL+14,NA,1,15,2,5,4,3,17,1,10,14,8,3,8,6,1,9,8,3,13,1,3
tr|Q59EA2,HUMAN,DYL+14,NA,1,32,12,35,29,15,33,13,39,36,39,12,23,27,15,33,32,24,32,9,11
tr|Q9H7G6,HUMAN,DYL+14,NA,1,80,8,40,56,14,46,14,16,38,57,6,17,44,37,52,47,14,36,13,12
tr|Q53FI1,HUMAN,DYL+14,NA,1,43,10,40,50,20,44,8,42,44,70,17,50,24,17,29,31,24,39,8,17
tr|Q5TZP7,HUMAN,DYL+14,NA,1,27,7,19,24,9,25,6,8,29,37,3,11,21,10,17,20,11,15,7,12
tr|Q9UK43,HUMAN,DYL+14,NA,1,35,2,51,74,16,24,8,18,66,31,17,17,30,15,55,29,29,16,3,21
tr|O15187,HUMAN,DYL+14,NA,1,20,4,11,14,19,19,9,15,20,9,7,13,11,11,11,20,20,21,4,7
tr|B2RBR9,HUMAN,DYL+14,NA,1,87,23,52,72,23,38,13,49,43,102,24,38,37,54,32,49,43,66,8,23
tr|Q53GX7,HUMAN,DYL+14,NA,1,39,16,38,71,38,52,19,44,61,59,17,30,32,29,40,36,29,34,13,26
tr|Q7Z4W8,HUMAN,DYL+14,NA,1,6,1,7,13,5,8,1,5,19,11,2,7,2,5,7,6,6,11,1,5
tr|Q53FS0,HUMAN,DYL+14,NA,1,28,9,22,28,16,38,9,23,21,31,17,18,22,18,19,30,27,31,6,16
tr|Q9H4E3,HUMAN,DYL+14,NA,1,38,5,25,31,20,30,9,31,37,46,11,14,18,21,27,25,31,27,1,8
tr|Q5JR94,HUMAN,DYL+14,NA,1,11,5,6,14,3,17,4,12,31,17,1,10,7,6,23,10,9,9,3,10
tr|Q6IAX9,HUMAN,DYL+14,NA,1,53,7,38,39,27,52,8,26,55,64,18,24,22,27,34,43,42,47,4,8
tr|Q6IBS5,HUMAN,DYL+14,NA,1,50,6,20,29,19,31,5,22,27,29,13,16,39,12,30,26,28,45,1,5
tr|B4DWA6,HUMAN,DYL+14,NA,1,18,7,32,16,6,26,6,13,24,37,8,13,17,17,19,27,13,19,6,11
tr|Q6NXR8,HUMAN,DYL+14,NA,1,13,4,17,15,10,19,5,12,38,18,11,10,7,12,14,12,17,23,2,5
tr|A8K4A1,HUMAN,DYL+14,NA,1,82,17,57,66,31,37,30,48,57,127,25,21,50,55,49,67,45,68,7,24
tr|Q6FHM6,HUMAN,DYL+14,NA,1,12,4,5,8,2,5,2,9,10,16,2,5,6,10,6,8,5,10,0,3
tr|B3KMV5,HUMAN,DYL+14,NA,1,63,9,71,75,33,75,22,35,53,155,17,22,78,54,70,94,48,89,20,21
tr|Q4W5T8,HUMAN,DYL+14,NA,1,71,14,56,52,19,70,26,38,49,101,18,58,74,68,85,142,74,72,11,49
tr|Q59GE4,HUMAN,DYL+14,NA,1,15,2,6,13,6,15,5,5,13,13,6,4,15,8,18,6,6,9,2,7
tr|Q5J7U2,HUMAN,DYL+14,NA,1,14,3,5,19,5,18,8,12,44,19,7,10,13,10,19,7,15,20,3,9
tr|Q13344,HUMAN,DYL+14,NA,1,13,4,26,11,13,155,3,8,14,3,8,23,28,49,38,69,20,5,3,35
tr|Q6IAP9,HUMAN,DYL+14,NA,1,38,12,30,38,14,42,20,27,34,48,9,19,20,13,33,40,31,27,13,13
tr|Q5T0F3,HUMAN,DYL+14,NA,1,39,4,40,70,23,38,12,36,80,47,13,33,38,41,49,51,37,55,8,17
tr|Q8TAS0,HUMAN,DYL+14,NA,1,31,1,16,18,8,16,3,27,26,26,9,11,6,10,14,26,17,13,2,11
tr|Q5U0C3,HUMAN,DYL+14,NA,1,8,6,12,14,6,11,0,9,17,19,5,8,4,14,9,9,9,17,1,6
tr|B3KQ21,HUMAN,DYL+14,NA,1,51,11,25,67,30,19,13,31,53,62,18,13,14,26,39,39,20,29,15,22
tr|Q6IB91,HUMAN,DYL+14,NA,1,51,14,30,38,26,64,15,31,23,58,17,20,50,23,46,35,32,38,18,11
tr|Q6FI03,HUMAN,DYL+14,NA,1,22,1,25,47,19,39,12,14,20,25,11,20,49,30,37,27,14,44,1,9
tr|Q59H77,HUMAN,DYL+14,NA,1,45,10,34,44,6,41,10,52,36,50,22,19,21,25,36,40,34,38,4,10
tr|Q59GF8,HUMAN,DYL+14,NA,1,61,15,42,78,31,36,8,31,70,61,23,36,33,38,35,58,38,61,4,23
tr|Q53FG5,HUMAN,DYL+14,NA,1,58,14,48,51,28,51,14,49,47,63,25,13,30,33,59,54,33,43,2,19
tr|B4DS72,HUMAN,DYL+14,NA,1,58,12,32,35,30,69,16,20,20,123,16,20,40,43,48,55,35,60,14,22
tr|Q2M1V9,HUMAN,DYL+14,NA,1,133,40,102,118,52,87,51,95,106,236,50,76,85,109,88,123,105,138,21,34
tr|A8K5G0,HUMAN,DYL+14,NA,1,77,16,73,81,47,79,22,39,82,100,25,25,75,50,70,97,50,47,10,17
tr|B2RCM2,HUMAN,DYL+14,NA,1,68,21,69,93,52,71,25,62,112,112,40,42,60,44,47,63,58,74,21,42
tr|B4DY34,HUMAN,DYL+14,NA,1,40,0,46,45,12,39,8,18,50,44,21,15,98,31,42,41,21,27,0,9
tr|Q6IAX2,HUMAN,DYL+14,NA,1,7,1,4,9,5,13,7,9,24,6,6,6,9,6,14,4,9,14,1,6
tr|Q1JQ76,HUMAN,DYL+14,NA,1,12,3,10,8,7,9,6,9,30,25,5,11,8,9,11,11,8,18,1,5
tr|Q4GQP0,HUMAN,DYL+14,NA,1,14,3,11,11,10,11,6,21,4,33,10,7,15,7,6,10,21,14,4,9
tr|Q59F99,HUMAN,DYL+14,NA,1,42,7,11,45,17,40,10,26,51,51,15,33,52,33,26,48,32,38,0,14
tr|Q4LE58,HUMAN,DYL+14,NA,1,141,14,72,168,43,111,19,64,96,141,31,44,166,85,100,124,81,83,13,28
tr|Q8WVX7,HUMAN,DYL+14,NA,1,15,0,7,6,4,19,4,2,15,13,3,4,6,9,14,8,7,14,3,4
tr|Q59GW7,HUMAN,DYL+14,NA,1,24,5,22,21,14,16,9,27,22,45,9,12,14,14,22,22,27,17,2,7
tr|Q6PJJ2,HUMAN,DYL+14,NA,1,38,4,22,50,14,31,5,18,31,48,10,11,26,33,54,21,21,19,5,5
tr|A8K7N0,HUMAN,DYL+14,NA,1,48,2,8,4,8,9,3,8,37,7,6,3,14,14,13,5,9,15,3,2
tr|Q53GF9,HUMAN,DYL+14,NA,1,13,3,11,22,14,15,5,13,16,29,6,5,8,3,15,17,11,11,1,7
tr|B3KQJ0,HUMAN,DYL+14,NA,1,21,2,11,16,11,25,4,23,27,32,10,13,12,5,9,27,18,28,4,14
tr|Q6FHZ0,HUMAN,DYL+14,NA,1,37,8,13,16,12,28,5,21,26,31,6,13,20,9,10,22,24,32,0,5
tr|Q5BKZ2,HUMAN,DYL+14,NA,1,42,12,25,47,20,27,5,38,28,57,12,30,23,34,25,37,26,32,7,11
tr|Q53XC0,HUMAN,DYL+14,NA,1,22,5,21,38,7,13,3,22,21,25,10,14,10,7,25,17,14,28,1,12
tr|Q9BX83,HUMAN,DYL+14,NA,1,15,0,7,3,5,7,7,0,9,10,3,4,5,1,1,6,5,9,1,2
tr|Q8N5A0,HUMAN,DYL+14,NA,1,74,8,89,182,27,65,17,68,182,86,22,36,48,53,52,71,50,69,5,16
tr|A4D286,HUMAN,DYL+14,NA,1,16,2,8,22,5,9,3,8,24,12,3,7,7,7,13,15,11,12,0,1
tr|B4E3W1,HUMAN,DYL+14,NA,1,39,12,14,24,21,33,8,6,12,48,6,9,33,27,41,52,34,36,8,4
tr|Q9BRL5,HUMAN,DYL+14,NA,1,10,2,14,16,10,9,2,8,7,13,8,5,7,4,7,9,11,4,0,1
tr|Q8TCX0,HUMAN,DYL+14,NA,1,2,0,2,2,3,3,0,4,3,7,1,3,3,4,3,3,0,4,0,1
tr|B4DZF2,HUMAN,DYL+14,NA,1,61,11,46,75,43,63,18,51,75,123,31,37,70,63,49,69,36,35,11,13
tr|B3KMP2,HUMAN,DYL+14,NA,1,50,11,26,26,10,21,9,23,33,68,16,27,16,24,27,39,19,32,3,23
tr|B7Z268,HUMAN,DYL+14,NA,1,6,1,6,8,10,10,4,7,10,15,3,6,4,8,15,11,9,17,3,6
tr|B3KUJ5,HUMAN,DYL+14,NA,1,26,9,37,39,18,37,16,23,37,30,16,20,19,14,23,25,21,25,2,21
tr|Q59HH3,HUMAN,DYL+14,NA,1,109,24,45,68,42,101,24,60,69,106,17,30,43,42,43,62,55,83,9,14
tr|Q549U1,HUMAN,DYL+14,NA,1,6,1,14,14,6,32,11,4,6,6,5,7,14,2,60,49,13,10,0,22
tr|Q0P607,HUMAN,DYL+14,NA,1,81,6,51,63,36,79,21,43,57,57,28,40,190,95,83,73,54,67,7,15
tr|B4DYZ1,HUMAN,DYL+14,NA,1,52,12,28,41,27,35,26,32,64,73,11,17,37,41,48,69,38,54,6,11
tr|Q7Z726,HUMAN,DYL+14,NA,1,46,6,27,35,15,31,8,37,28,52,8,33,26,26,21,35,36,44,7,8
tr|B4DUT7,HUMAN,DYL+14,NA,1,33,12,29,51,26,45,14,51,45,56,14,25,36,19,33,39,46,54,3,11
tr|B4DWL1,HUMAN,DYL+14,NA,1,30,6,31,29,11,84,17,58,33,55,17,23,49,59,42,29,26,31,4,8
tr|Q86YI5,HUMAN,DYL+14,NA,1,68,9,27,37,15,47,7,40,37,49,14,17,69,21,29,40,47,55,8,11
tr|A8K8D9,HUMAN,DYL+14,NA,1,32,8,30,38,28,32,13,30,29,46,14,25,24,23,34,24,22,35,7,21
tr|A8K794,HUMAN,DYL+14,NA,1,67,19,37,64,22,28,21,42,58,88,16,24,56,45,71,77,52,48,7,19
tr|A8K2S7,HUMAN,DYL+14,NA,1,24,7,10,12,26,21,4,21,9,50,11,12,17,24,21,33,11,15,6,10
tr|B9EGI2,HUMAN,DYL+14,NA,1,76,14,56,119,23,46,22,30,75,98,18,29,61,66,86,92,57,39,10,20
tr|C1PHA2,HUMAN,DYL+14,NA,1,99,26,74,148,35,73,31,68,127,136,39,75,69,86,81,99,78,91,9,39
tr|A8K4C2,HUMAN,DYL+14,NA,1,76,13,23,34,33,33,15,15,27,64,8,25,44,16,41,40,24,46,14,13
tr|Q5VSQ6,HUMAN,DYL+14,NA,1,37,5,40,41,20,33,12,26,45,54,10,19,22,22,25,29,32,29,11,22
tr|A8K9B9,HUMAN,DYL+14,NA,1,36,4,33,40,27,37,9,31,41,56,14,19,30,27,28,35,20,31,6,17
tr|Q6NUR1,HUMAN,DYL+14,NA,1,78,19,52,94,32,35,18,68,73,136,20,46,35,47,50,64,55,71,3,19
tr|Q6IAN5,HUMAN,DYL+14,NA,1,36,8,14,10,8,20,7,7,8,45,4,4,31,10,19,25,24,15,3,6
tr|B4DUT2,HUMAN,DYL+14,NA,1,47,9,57,106,24,40,9,12,73,61,9,19,43,47,65,56,21,24,9,26
tr|A8K7A2,HUMAN,DYL+14,NA,1,22,2,12,24,6,16,2,17,25,29,4,14,14,11,26,21,17,14,1,3
tr|Q6I9S2,HUMAN,DYL+14,NA,1,46,1,39,49,13,31,10,24,53,27,15,16,36,32,53,33,13,26,4,15
tr|B7Z6H4,HUMAN,DYL+14,NA,1,80,35,74,89,53,92,32,92,114,145,38,60,64,52,71,75,75,87,4,37
tr|Q59GY0,HUMAN,DYL+14,NA,1,9,8,8,15,14,9,4,6,13,15,4,14,9,8,16,17,13,11,8,11
tr|B4DJ38,HUMAN,DYL+14,NA,1,62,11,33,56,30,49,14,18,48,99,20,22,51,40,50,42,38,39,9,18
tr|Q53G23,HUMAN,DYL+14,NA,1,23,9,25,25,31,31,15,33,24,53,14,21,30,22,30,41,25,39,8,13
tr|Q5RKT7,HUMAN,DYL+14,NA,1,6,7,9,10,5,10,4,8,25,13,2,5,6,6,10,7,10,8,0,5
Swiss-Prot|A6NKZ8,HUMAN,OBBH11,NA,1,31,8,22,30,22,24,6,15,13,28,16,18,18,18,20,23,25,20,3,12
